Daily heartbeat on Mon Oct 27 15:11:24 UTC 2025
Daily heartbeat on Tue Oct 28 07:38:11 UTC 2025
Daily heartbeat on Wed Oct 29 07:38:19 UTC 2025
Daily heartbeat on Thu Oct 30 07:36:50 UTC 2025
Daily heartbeat on Fri Oct 31 07:36:22 UTC 2025
Daily heartbeat on Sat Nov  1 07:35:03 UTC 2025
Daily heartbeat on Sun Nov  2 07:35:20 UTC 2025
Daily heartbeat on Mon Nov  3 07:38:06 UTC 2025
Daily heartbeat on Tue Nov  4 07:38:17 UTC 2025
Daily heartbeat on Wed Nov  5 07:38:07 UTC 2025
Daily heartbeat on Thu Nov  6 07:37:04 UTC 2025
Daily heartbeat on Fri Nov  7 07:37:29 UTC 2025
Daily heartbeat on Sat Nov  8 07:35:05 UTC 2025
Daily heartbeat on Sun Nov  9 07:35:31 UTC 2025
Daily heartbeat on Mon Nov 10 07:38:20 UTC 2025
Daily heartbeat on Tue Nov 11 07:38:59 UTC 2025
Daily heartbeat on Wed Nov 12 07:38:32 UTC 2025
Daily heartbeat on Thu Nov 13 07:38:24 UTC 2025
Daily heartbeat on Fri Nov 14 07:37:49 UTC 2025
Daily heartbeat on Sat Nov 15 07:35:04 UTC 2025
Daily heartbeat on Sun Nov 16 07:35:33 UTC 2025
